episode,reward_robot1,reward_robot2,avg_reward
1,-474.4407043457031,-580.6235961914062,-527.5321655273438
2,-691.2781372070312,-420.6752624511719,-555.9766845703125
3,-634.4534912109375,-535.3529052734375,-584.9031982421875
4,-240.9237823486328,-689.308837890625,-465.1163024902344
5,-204.83294677734375,-106.28019714355469,-155.55657958984375
6,-227.8590850830078,-106.73912811279297,-167.29910278320312
7,-251.69961547851562,494.74072265625,121.52055358886719
8,-220.58836364746094,1059.690185546875,419.5509033203125
9,-211.66026306152344,-70.85929870605469,-141.25978088378906
10,-185.6755828857422,335.67413330078125,74.99927520751953
11,-234.5404510498047,-219.00665283203125,-226.7735595703125
12,-280.625732421875,373.1424255371094,46.25834655761719
13,-891.9254760742188,234.3009490966797,-328.812255859375
14,-414.148681640625,1546.1695556640625,566.0104370117188
15,-483.3421630859375,1014.6006469726562,265.6292419433594
16,-190.6774444580078,-134.59457397460938,-162.63601684570312
17,-374.63287353515625,-93.70079803466797,-234.16683959960938
18,-657.9326782226562,474.138427734375,-91.89712524414062
19,281.0677795410156,-260.22540283203125,10.421188354492188
20,-116.44944763183594,-82.06668090820312,-99.25806427001953
21,-471.1178894042969,-143.44802856445312,-307.282958984375
22,906.5621948242188,-94.81478118896484,405.87371826171875
23,405.4920959472656,377.50775146484375,391.49993896484375
24,364.69573974609375,1038.671875,701.683837890625
25,372.2843933105469,373.7436218261719,373.0140075683594
26,1564.479248046875,-89.23889923095703,737.6201782226562
27,397.278076171875,1539.097412109375,968.187744140625
28,-183.32394409179688,1007.8309936523438,412.2535400390625
29,1561.17626953125,1650.6815185546875,1605.928955078125
30,1574.654541015625,413.5969543457031,994.125732421875
31,1012.824951171875,530.443359375,771.6341552734375
32,2065.021484375,2103.943359375,2084.482421875
33,1563.5087890625,2733.552490234375,2148.53076171875
34,1562.009765625,2759.578125,2160.7939453125
35,821.1978149414062,2569.2353515625,1695.216552734375
36,1045.0777587890625,2739.514892578125,1892.29638671875
37,1004.1696166992188,2209.819091796875,1606.994384765625
38,491.0035095214844,842.7021484375,666.8528442382812
39,374.07647705078125,889.6178588867188,631.84716796875
40,997.2162475585938,2213.059814453125,1605.1380615234375
41,1005.9564208984375,3273.649169921875,2139.802734375
42,1548.191162109375,1560.6142578125,1554.4027099609375
43,1008.1764526367188,2191.131103515625,1599.65380859375
44,1545.70849609375,3842.695068359375,2694.20166015625
45,1543.1976318359375,3830.660888671875,2686.92919921875
46,271.7952880859375,3094.623046875,1683.209228515625
47,386.15045166015625,3218.677490234375,1802.4139404296875
48,1552.3265380859375,3324.016845703125,2438.171630859375
49,935.377685546875,3173.19091796875,2054.2841796875
50,345.14013671875,3301.9990234375,1823.569580078125
51,993.4443359375,3324.3515625,2158.89794921875
52,987.876708984375,3309.120849609375,2148.498779296875
53,244.47482299804688,3829.600830078125,2037.037841796875
54,335.73095703125,3829.972900390625,2082.85205078125
55,1540.77880859375,3832.64599609375,2686.71240234375
56,283.1484680175781,3119.780029296875,1701.4642333984375
57,1559.4326171875,3309.329345703125,2434.380859375
58,158.28707885742188,3828.744873046875,1993.5159912109375
59,1028.48974609375,3286.3662109375,2157.427978515625
60,467.6295166015625,3271.095947265625,1869.36279296875
61,308.13262939453125,2723.846923828125,1515.98974609375
62,1056.659912109375,1510.81494140625,1283.7374267578125
63,2114.20751953125,2662.80615234375,2388.5068359375
64,2115.955322265625,2766.6943359375,2441.32470703125
65,2130.380859375,3729.322021484375,2929.8515625
66,1587.146728515625,3291.191650390625,2439.169189453125
67,1015.7692260742188,3306.98193359375,2161.37548828125
68,669.85205078125,2581.01611328125,1625.43408203125
69,1231.499755859375,2557.08251953125,1894.2911376953125
70,1227.2579345703125,1841.1995849609375,1534.228759765625
71,1583.913330078125,2758.6806640625,2171.296875
72,3273.69921875,3233.96337890625,3253.831298828125
73,1422.8843994140625,3210.914306640625,2316.8994140625
74,3720.505615234375,3829.1201171875,3774.81298828125
75,3838.51171875,3839.537109375,3839.0244140625
76,2918.601318359375,1864.4835205078125,2391.54248046875
77,3129.159423828125,2780.548583984375,2954.85400390625
78,3181.14013671875,2045.3743896484375,2613.25732421875
79,3273.4013671875,2668.343017578125,2970.8720703125
80,2063.595947265625,2133.479248046875,2098.53759765625
81,2684.4541015625,3851.40185546875,3267.927978515625
82,3132.717529296875,3759.895263671875,3446.306396484375
83,3790.96337890625,3839.460205078125,3815.2119140625
84,3832.25537109375,3867.2294921875,3849.742431640625
85,969.7745971679688,3319.2412109375,2144.5078125
86,3262.154541015625,3868.3349609375,3565.24462890625
87,3725.079833984375,3748.155517578125,3736.61767578125
88,2655.0703125,3851.069580078125,3253.06982421875
89,1521.8665771484375,3299.51708984375,2410.69189453125
90,1406.0234375,3141.71728515625,2273.870361328125
91,2671.206787109375,3845.408203125,3258.3076171875
92,-136.00228881835938,3825.7490234375,1844.8734130859375
93,-146.01708984375,3843.73291015625,1848.85791015625
94,2622.39111328125,3853.49169921875,3237.94140625
95,450.5254211425781,3834.041748046875,2142.28369140625
96,1586.8240966796875,3828.058837890625,2707.44140625
97,3709.96533203125,3844.6748046875,3777.320068359375
98,3820.3994140625,3850.289794921875,3835.3447265625
99,2045.5841064453125,3841.07275390625,2943.328369140625
100,418.3864440917969,3847.7080078125,2133.047119140625
101,1058.1435546875,3851.6767578125,2454.91015625
102,3832.39013671875,3240.1123046875,3536.251220703125
103,3727.322998046875,3843.737548828125,3785.5302734375
104,3615.156494140625,3047.400390625,3331.2783203125
105,315.9432678222656,3298.31689453125,1807.130126953125
106,3790.85888671875,3865.2734375,3828.066162109375
107,2705.09765625,3856.4912109375,3280.79443359375
108,3100.159423828125,3833.841552734375,3467.00048828125
109,3622.73828125,3657.8193359375,3640.27880859375
110,984.40234375,3852.72314453125,2418.562744140625
111,4353.650390625,3137.953369140625,3745.8017578125
112,2721.439208984375,3856.758056640625,3289.0986328125
113,3820.2822265625,3303.400634765625,3561.84130859375
114,4355.24609375,3860.715087890625,4107.98046875
115,4385.384765625,3316.987060546875,3851.18603515625
116,3747.9580078125,3851.343017578125,3799.650390625
117,3817.638916015625,3872.71337890625,3845.17626953125
118,3817.220947265625,3867.409423828125,3842.315185546875
119,4899.76806640625,3881.78759765625,4390.77783203125
120,4363.9033203125,3867.2548828125,4115.5791015625
121,3663.723388671875,3658.170166015625,3660.94677734375
122,4349.03466796875,3740.838134765625,4044.9365234375
123,1612.3560791015625,3867.6015625,2739.978759765625
124,3657.423583984375,3659.220947265625,3658.322265625
125,4361.076171875,3880.847900390625,4120.9619140625
126,3670.752197265625,3129.276611328125,3400.014404296875
127,4377.185546875,3881.08447265625,4129.134765625
128,4258.5400390625,3873.6240234375,4066.08203125
129,3832.6396484375,3867.7060546875,3850.1728515625
130,4343.298828125,3862.922119140625,4103.1103515625
131,4267.37548828125,3676.088134765625,3971.73193359375
132,4367.5869140625,4388.78515625,4378.18603515625
133,3769.875732421875,3868.095947265625,3818.98583984375
134,3835.559326171875,3859.12158203125,3847.34033203125
135,4353.78955078125,3869.670654296875,4111.72998046875
136,3797.282470703125,3797.96826171875,3797.62548828125
137,3641.123046875,3672.63330078125,3656.878173828125
138,3533.076904296875,3783.52734375,3658.30224609375
139,2622.853271484375,3672.011962890625,3147.4326171875
140,3276.954833984375,4390.84130859375,3833.89794921875
141,4341.54345703125,3840.004638671875,4090.77392578125
142,4380.9033203125,3871.575927734375,4126.23974609375
143,3277.528076171875,3315.974365234375,3296.751220703125
144,3209.1171875,4297.49609375,3753.306640625
145,4375.4404296875,3742.9765625,4059.20849609375
146,3748.666748046875,3789.029052734375,3768.847900390625
147,3822.797607421875,3771.179931640625,3796.98876953125
148,4346.6650390625,3197.762939453125,3772.2138671875
149,4353.3251953125,3680.366455078125,4016.845703125
150,3272.533447265625,3873.01953125,3572.7763671875
151,3119.09521484375,3145.680908203125,3132.38818359375
152,4375.1259765625,3290.32080078125,3832.723388671875
153,4368.1572265625,3777.40576171875,4072.781494140625
154,4354.52294921875,3856.749267578125,4105.63623046875
155,3763.406982421875,3841.09912109375,3802.2529296875
156,2674.068359375,3883.573486328125,3278.82080078125
157,3767.827880859375,3760.785888671875,3764.306884765625
158,2133.87890625,3877.6259765625,3005.75244140625
159,4899.521484375,4399.611328125,4649.56640625
160,3187.58740234375,3833.385009765625,3510.486328125
161,4377.9833984375,3850.55126953125,4114.267578125
162,3237.873046875,3660.67626953125,3449.274658203125
163,4188.865234375,3688.233154296875,3938.54931640625
164,4385.1728515625,3876.2861328125,4130.7294921875
165,4153.6328125,3050.706787109375,3602.169921875
166,3841.55078125,3885.080810546875,3863.31591796875
167,3191.68798828125,3138.4189453125,3165.053466796875
168,4363.42041015625,4305.1181640625,4334.26953125
169,4289.11865234375,3862.616943359375,4075.86767578125
170,2718.95556640625,3762.5029296875,3240.729248046875
171,2719.36669921875,3878.748046875,3299.057373046875
172,4367.0166015625,3248.47314453125,3807.744873046875
173,3131.87548828125,4387.05078125,3759.463134765625
174,3073.95947265625,3303.46630859375,3188.712890625
175,3724.92041015625,4399.533203125,4062.226806640625
176,3809.1884765625,3855.879638671875,3832.5341796875
177,3797.509521484375,3787.7734375,3792.6416015625
178,2722.301025390625,3864.615478515625,3293.458251953125
179,4897.0009765625,4398.6533203125,4647.8271484375
180,2532.096923828125,3881.566650390625,3206.831787109375
181,2176.7412109375,3161.035400390625,2668.88818359375
182,3809.83984375,3882.05859375,3845.94921875
183,4352.35400390625,3865.175537109375,4108.7646484375
184,4296.25537109375,3324.427978515625,3810.341796875
185,3206.627685546875,3241.17919921875,3223.9033203125
186,3829.938232421875,4307.8310546875,4068.884765625
187,4903.37548828125,3784.770751953125,4344.0732421875
188,4286.0224609375,3187.674560546875,3736.8486328125
189,4268.5634765625,3845.860595703125,4057.2119140625
190,2692.139892578125,3876.187255859375,3284.16357421875
191,3167.478271484375,3751.163818359375,3459.321044921875
192,3260.78466796875,4400.30615234375,3830.54541015625
193,3822.498046875,4407.37841796875,4114.9384765625
194,3820.468994140625,3797.935791015625,3809.202392578125
195,3808.9228515625,4391.52587890625,4100.224609375
196,4900.6513671875,4316.93408203125,4608.79296875
197,3752.931396484375,4392.8740234375,4072.90283203125
198,4364.9482421875,3329.760009765625,3847.35400390625
199,4379.5,3879.49755859375,4129.4990234375
200,4912.2412109375,4414.1640625,4663.20263671875
201,4924.33544921875,4415.9384765625,4670.13671875
202,4906.98681640625,2664.498291015625,3785.74267578125
203,4382.44580078125,3859.04931640625,4120.74755859375
204,3446.33837890625,4127.6796875,3787.009033203125
205,4918.27099609375,4289.255859375,4603.763671875
206,4304.2890625,3757.697509765625,4030.9931640625
207,3682.3349609375,3878.5126953125,3780.423828125
208,3689.716552734375,3871.565185546875,3780.640869140625
209,3789.471435546875,3285.513671875,3537.49267578125
210,4918.447265625,4312.701171875,4615.57421875
211,3754.60205078125,3869.52587890625,3812.06396484375
212,3824.61962890625,4389.82373046875,4107.2216796875
213,3783.45849609375,2675.7041015625,3229.581298828125
214,3673.225830078125,3769.7841796875,3721.5048828125
215,4354.17919921875,4422.0224609375,4388.1005859375
216,2088.110595703125,4399.32958984375,3243.72021484375
217,4346.064453125,3749.984619140625,4048.0244140625
218,4391.494140625,4389.72900390625,4390.611328125
219,1928.480712890625,2538.718505859375,2233.599609375
220,4394.44384765625,3836.67236328125,4115.55810546875
221,4289.7880859375,3751.400146484375,4020.59423828125
222,3677.094482421875,3693.31005859375,3685.2021484375
223,4391.12451171875,4424.71044921875,4407.91748046875
224,2624.373046875,4409.18603515625,3516.779541015625
225,2493.3056640625,2842.8720703125,2668.0888671875
226,4900.73974609375,4397.47802734375,4649.10888671875
227,4310.23486328125,4343.939453125,4327.0869140625
228,3774.853271484375,4432.05029296875,4103.45166015625
229,4920.41845703125,3890.53759765625,4405.47802734375
230,4903.7041015625,3787.30517578125,4345.5048828125
231,4917.72802734375,3883.564208984375,4400.64599609375
232,4383.7421875,3880.21875,4131.98046875
233,4923.50830078125,4406.859375,4665.18359375
234,3278.354736328125,3883.26953125,3580.81201171875
235,4366.892578125,4955.03857421875,4660.9658203125
236,4906.42578125,4443.15771484375,4674.7919921875
237,2715.400634765625,4406.1162109375,3560.75830078125
238,4299.18115234375,4327.853515625,4313.517578125
239,4372.81884765625,4403.33740234375,4388.078125
240,4904.40087890625,4395.59912109375,4650.0
241,3282.598876953125,4392.35888671875,3837.47900390625
242,4810.591796875,4435.72021484375,4623.15625
243,3836.816650390625,4420.0537109375,4128.43505859375
244,3750.4091796875,3877.319580078125,3813.8642578125
245,3755.993408203125,3847.061279296875,3801.52734375
246,4924.45068359375,4410.357421875,4667.404296875
247,4921.54736328125,4436.67333984375,4679.1103515625
248,3708.744384765625,3804.0751953125,3756.40966796875
249,4906.81005859375,4438.21630859375,4672.51318359375
250,3755.153564453125,4386.20166015625,4070.677734375
251,3260.74072265625,4403.4287109375,3832.084716796875
252,4384.13720703125,4396.7529296875,4390.4453125
253,4299.7548828125,3237.52001953125,3768.637451171875
254,4378.6376953125,4316.71484375,4347.67626953125
255,4939.93359375,3798.30712890625,4369.1201171875
256,4297.93408203125,3852.3818359375,4075.157958984375
257,4915.68408203125,3766.740966796875,4341.21240234375
258,3088.606201171875,3079.686767578125,3084.146484375
259,4187.80078125,3674.680908203125,3931.24072265625
260,4323.7060546875,4424.94775390625,4374.3271484375
261,3740.57470703125,4419.2822265625,4079.928466796875
262,3668.03662109375,3788.197509765625,3728.1171875
263,3813.96630859375,4319.66845703125,4066.8173828125
264,2635.599609375,4415.75537109375,3525.677490234375
265,3568.18408203125,3589.583251953125,3578.8837890625
266,3756.667236328125,3875.223876953125,3815.945556640625
267,4387.79150390625,4414.16015625,4400.9755859375
268,4906.416015625,4412.0205078125,4659.21826171875
269,3188.939453125,3767.0390625,3477.9892578125
270,4898.9150390625,3841.65234375,4370.28369140625
271,4903.13232421875,3300.255615234375,4101.69384765625
272,4277.5732421875,4401.291015625,4339.43212890625
273,3272.83935546875,4388.345703125,3830.592529296875
274,4941.953125,4957.93701171875,4949.9453125
275,4822.5068359375,3241.38720703125,4031.947021484375
276,4365.15380859375,3866.897705078125,4116.02587890625
277,4341.140625,4436.67822265625,4388.9091796875
278,4386.50244140625,4399.03515625,4392.7685546875
279,4919.599609375,4426.89501953125,4673.2470703125
280,4282.96533203125,4321.333984375,4302.1494140625
281,4350.13330078125,4417.66259765625,4383.89794921875
282,4842.09521484375,4416.01953125,4629.0576171875
283,4297.96875,4951.0234375,4624.49609375
284,3818.46484375,4423.0068359375,4120.73583984375
285,4256.64794921875,4854.94580078125,4555.796875
286,3276.6708984375,3883.03369140625,3579.852294921875
287,4893.66845703125,4974.44287109375,4934.0556640625
288,4295.3955078125,4415.94384765625,4355.669921875
289,4936.84716796875,4961.9990234375,4949.4228515625
290,4908.10986328125,4438.1826171875,4673.146484375
291,4906.3837890625,3817.18359375,4361.78369140625
292,5454.49072265625,4354.67919921875,4904.5849609375
293,4929.375,4956.7392578125,4943.05712890625
294,4307.29248046875,4430.14697265625,4368.7197265625
295,4929.18798828125,4853.26220703125,4891.22509765625
296,4207.43017578125,4952.1845703125,4579.8076171875
297,4292.13720703125,3890.908935546875,4091.52294921875
298,4281.625,3865.591552734375,4073.6083984375
299,4895.4228515625,3882.732177734375,4389.07763671875
300,4911.99658203125,4385.59521484375,4648.7958984375
301,4300.1162109375,3865.024658203125,4082.5703125
302,4302.53271484375,4331.09814453125,4316.8154296875
303,4849.71630859375,4405.658203125,4627.6875
304,4914.38623046875,4428.4365234375,4671.4111328125
305,5454.47705078125,4961.49365234375,5207.9853515625
306,4929.63037109375,4405.53369140625,4667.58203125
307,4838.548828125,4311.6953125,4575.1220703125
308,4306.26171875,4330.75244140625,4318.5068359375
309,4379.46240234375,4405.3642578125,4392.4130859375
310,3840.8583984375,4401.00048828125,4120.9296875
311,4396.8779296875,4401.9267578125,4399.40234375
312,4941.126953125,4331.58203125,4636.3544921875
313,4911.7685546875,4440.0830078125,4675.92578125
314,4937.99560546875,4439.046875,4688.521484375
315,4826.3583984375,4858.0419921875,4842.2001953125
316,4905.21533203125,4941.5673828125,4923.3916015625
317,3784.465087890625,4406.44970703125,4095.45751953125
318,4312.27978515625,4419.94091796875,4366.1103515625
319,5452.498046875,4407.1201171875,4929.80908203125
320,4858.77783203125,4857.45751953125,4858.11767578125
321,4923.6142578125,4948.67578125,4936.14501953125
322,4848.9736328125,4400.1298828125,4624.5517578125
323,4854.1884765625,4866.74853515625,4860.46875
324,4224.166015625,4225.42041015625,4224.79296875
325,4838.537109375,4949.66552734375,4894.1015625
326,4902.1298828125,4425.658203125,4663.89404296875
327,4284.29296875,4432.1259765625,4358.20947265625
328,5449.05419921875,4409.62109375,4929.337890625
329,4313.5712890625,4318.0771484375,4315.82421875
330,4859.75634765625,4951.47802734375,4905.6171875
331,4932.73193359375,4423.73974609375,4678.23583984375
332,4744.29052734375,4251.6162109375,4497.953125
333,4936.88134765625,4945.68701171875,4941.2841796875
334,4666.375,4757.0419921875,4711.70849609375
335,4370.6142578125,4415.84423828125,4393.2294921875
336,4834.99072265625,4442.4921875,4638.7412109375
337,4906.2314453125,4946.2861328125,4926.2587890625
338,3279.02685546875,2664.887451171875,2971.95703125
339,4935.88037109375,4960.5322265625,4948.2060546875
340,4306.1474609375,4856.02001953125,4581.083984375
341,4947.29931640625,4354.41845703125,4650.85888671875
342,4317.2021484375,4411.7880859375,4364.4951171875
343,5450.76171875,4952.60205078125,5201.681640625
344,4352.21875,3810.103515625,4081.1611328125
345,4931.13525390625,4976.8671875,4954.0009765625
346,5451.9052734375,4309.66015625,4880.78271484375
347,5469.28271484375,4947.4482421875,5208.365234375
348,4943.880859375,4356.83837890625,4650.359375
349,5459.38623046875,4972.62890625,5216.0078125
350,4099.34765625,3805.79052734375,3952.569091796875
351,4215.90380859375,4424.55712890625,4320.23046875
352,5481.08642578125,4879.28173828125,5180.18408203125
353,4377.49462890625,4965.75439453125,4671.62451171875
354,4901.25390625,3802.528564453125,4351.89111328125
355,4948.25244140625,4972.36474609375,4960.30859375
356,4857.14013671875,4943.0673828125,4900.103515625
357,4665.228515625,3682.04833984375,4173.638671875
358,4225.91162109375,3766.4365234375,3996.174072265625
359,4917.9921875,3878.365478515625,4398.1787109375
360,4941.99169921875,4443.9140625,4692.953125
361,4926.38330078125,4967.69384765625,4947.03857421875
362,4385.53271484375,4429.32373046875,4407.42822265625
363,5454.54296875,4992.17041015625,5223.3564453125
364,4944.2470703125,4952.77685546875,4948.51171875
365,4747.07666015625,4218.982421875,4483.029296875
366,3060.77783203125,4392.37939453125,3726.57861328125
367,3275.891845703125,4417.80322265625,3846.84765625
368,4294.93505859375,4413.583984375,4354.259765625
369,5454.8876953125,4859.01953125,5156.95361328125
370,3257.347412109375,4403.96728515625,3830.6572265625
371,4906.4794921875,4436.3193359375,4671.3994140625
372,4838.3525390625,3623.861572265625,4231.10693359375
373,5450.986328125,4442.0302734375,4946.50830078125
374,4946.9169921875,4970.587890625,4958.75244140625
375,3725.917236328125,4437.01513671875,4081.46630859375
376,4879.74658203125,4949.982421875,4914.8642578125
377,4388.037109375,4434.63916015625,4411.337890625
378,5462.0517578125,3794.839599609375,4628.44580078125
379,5452.11962890625,4371.13525390625,4911.62744140625
380,5451.97021484375,4971.4306640625,5211.7001953125
381,5477.4677734375,4973.10791015625,5225.2880859375
382,4211.7470703125,4393.97705078125,4302.8623046875
383,4328.4423828125,4956.025390625,4642.23388671875
384,4140.68310546875,3607.821044921875,3874.251953125
385,4942.62939453125,4973.57421875,4958.1015625
386,5454.0078125,4425.22119140625,4939.6142578125
387,4846.9326171875,4857.52294921875,4852.2275390625
388,5284.955078125,4778.21728515625,5031.5859375
389,4864.53125,4329.7158203125,4597.12353515625
390,4915.3662109375,4431.17919921875,4673.2724609375
391,4302.4140625,4403.646484375,4353.0302734375
392,4919.00341796875,4945.7392578125,4932.37109375
393,4364.5498046875,3793.318115234375,4078.93408203125
394,5457.2763671875,4973.96435546875,5215.6201171875
395,4838.9365234375,4947.41943359375,4893.177734375
396,4925.17724609375,4958.63427734375,4941.90576171875
397,4827.525390625,4425.7587890625,4626.64208984375
398,4211.41357421875,3682.7373046875,3947.075439453125
399,4291.03857421875,4436.6982421875,4363.8681640625
400,3814.831787109375,4436.48876953125,4125.66015625
401,4936.2333984375,4946.6171875,4941.42529296875
402,4916.32373046875,4372.37646484375,4644.35009765625
403,4920.85986328125,4949.22509765625,4935.04248046875
404,4186.13134765625,4193.92041015625,4190.02587890625
405,3760.248779296875,4956.68017578125,4358.46435546875
406,5471.47509765625,4363.2197265625,4917.34765625
407,3714.77734375,4333.46826171875,4024.122802734375
408,4321.2744140625,4962.52978515625,4641.90234375
409,5471.48193359375,4357.84716796875,4914.66455078125
410,4834.72802734375,4882.43115234375,4858.57958984375
411,4941.55517578125,4437.38916015625,4689.47216796875
412,4832.33935546875,2122.57958984375,3477.45947265625
413,4904.34033203125,4323.02294921875,4613.681640625
414,5389.8525390625,4367.65673828125,4878.7548828125
415,4940.79541015625,4960.341796875,4950.568359375
416,4734.9697265625,4146.12548828125,4440.5478515625
417,5485.1494140625,4414.45166015625,4949.80078125
418,4854.56298828125,4883.6279296875,4869.095703125
419,4386.13525390625,4438.34423828125,4412.23974609375
420,3278.706787109375,4435.130859375,3856.9189453125
421,3744.813720703125,4424.26123046875,4084.53759765625
422,4936.17724609375,4439.7578125,4687.9677734375
423,4906.318359375,4954.15087890625,4930.234375
424,4381.1962890625,4397.97412109375,4389.5849609375
425,4116.24072265625,3800.994140625,3958.617431640625
426,4316.0615234375,4396.57666015625,4356.3193359375
427,4940.21826171875,4961.2958984375,4950.7568359375
428,5457.27685546875,4980.79052734375,5219.03369140625
429,5454.54833984375,4963.0615234375,5208.8046875
430,4921.9609375,4444.82568359375,4683.3935546875
431,5450.75439453125,4434.095703125,4942.4248046875
432,5380.0302734375,4335.9990234375,4858.0146484375
433,4368.3896484375,4416.91162109375,4392.650390625
434,4929.974609375,4966.6103515625,4948.29248046875
435,4331.654296875,3804.776123046875,4068.21533203125
436,4883.28564453125,3734.2197265625,4308.7529296875
437,4942.595703125,4952.19091796875,4947.3935546875
438,4773.68017578125,4420.36083984375,4597.0205078125
439,4905.0380859375,4974.71630859375,4939.876953125
440,4847.033203125,4419.0615234375,4633.04736328125
441,5451.4072265625,3791.540771484375,4621.47412109375
442,5402.8095703125,4950.80078125,5176.80517578125
443,5461.79345703125,4422.7373046875,4942.265625
444,5474.57470703125,4994.16845703125,5234.37158203125
445,4878.9736328125,4363.8759765625,4621.4248046875
446,5466.36767578125,4986.6650390625,5226.5166015625
447,3745.714111328125,4432.38525390625,4089.0498046875
448,3175.42578125,4948.859375,4062.142578125
449,3234.104736328125,4444.44091796875,3839.27294921875
450,3229.402099609375,4402.302734375,3815.8525390625
451,2144.694580078125,4414.76806640625,3279.7314453125
452,4269.52880859375,4427.3681640625,4348.4482421875
453,4362.81298828125,4444.1298828125,4403.4716796875
454,4125.21142578125,4317.39111328125,4221.30126953125
455,4283.02197265625,3728.687744140625,4005.85498046875
456,4255.21728515625,4390.41162109375,4322.814453125
457,4917.1435546875,4957.697265625,4937.42041015625
458,5382.4814453125,4257.1884765625,4819.8349609375
459,2744.212158203125,4967.48974609375,3855.85107421875
460,6004.703125,4880.29345703125,5442.498046875
461,4865.0439453125,4947.7861328125,4906.4150390625
462,5477.01806640625,4972.23291015625,5224.62548828125
463,4936.24072265625,3877.98583984375,4407.11328125
464,5458.55419921875,3701.75390625,4580.154296875
465,5471.947265625,4329.00146484375,4900.474609375
466,4333.9716796875,4408.7548828125,4371.36328125
467,4907.45947265625,4213.96923828125,4560.71435546875
468,4919.70068359375,3888.55908203125,4404.1298828125
469,5481.67041015625,4428.443359375,4955.056640625
470,6005.95556640625,4963.615234375,5484.78515625
471,4926.427734375,4978.2001953125,4952.31396484375
472,5497.806640625,4256.216796875,4877.01171875
473,4936.44140625,4946.994140625,4941.7177734375
474,4935.0546875,4965.0498046875,4950.05224609375
475,4388.37646484375,4323.85107421875,4356.11376953125
476,5470.31005859375,4998.20556640625,5234.2578125
477,4841.2177734375,4414.67138671875,4627.9443359375
478,4910.35009765625,4436.720703125,4673.53515625
479,4342.97802734375,4425.1044921875,4384.041015625
480,3824.982421875,4963.6708984375,4394.32666015625
481,3824.447509765625,4984.18212890625,4404.31494140625
482,4825.70654296875,4433.81640625,4629.76171875
483,3846.228515625,4956.806640625,4401.517578125
484,4860.21728515625,4436.34912109375,4648.283203125
485,6004.119140625,4920.3017578125,5462.21044921875
486,5450.79345703125,4974.73681640625,5212.76513671875
487,4839.1396484375,4238.4892578125,4538.814453125
488,5496.4033203125,4955.97802734375,5226.1904296875
489,4900.86376953125,4964.63525390625,4932.74951171875
490,5462.68359375,4969.25634765625,5215.9697265625
491,4313.720703125,4431.794921875,4372.7578125
492,5451.619140625,4960.33447265625,5205.9765625
493,5463.68359375,4994.0107421875,5228.84716796875
494,4837.6083984375,4426.673828125,4632.14111328125
495,5463.96533203125,4418.8916015625,4941.4287109375
496,5478.18505859375,4362.8125,4920.4990234375
497,4905.0791015625,4444.69775390625,4674.888671875
498,5449.369140625,4984.04443359375,5216.70703125
499,5474.82080078125,4946.68994140625,5210.75537109375
500,5479.70751953125,4861.53759765625,5170.62255859375
501,5448.5595703125,4974.455078125,5211.50732421875
502,5456.1591796875,4964.41162109375,5210.28515625
503,5466.197265625,4439.7890625,4952.9931640625
504,5490.21826171875,4951.95849609375,5221.08837890625
505,5488.080078125,4960.0439453125,5224.06201171875
506,5487.64794921875,5510.56591796875,5499.10693359375
507,5487.02783203125,4978.89501953125,5232.96142578125
508,4863.7265625,4434.51318359375,4649.1201171875
509,5499.23193359375,5510.89111328125,5505.0615234375
510,5452.9619140625,4988.517578125,5220.73974609375
511,6003.29150390625,4256.68359375,5129.9873046875
512,5479.73193359375,5004.0556640625,5241.8935546875
513,5496.4619140625,5504.5390625,5500.50048828125
514,5459.5458984375,4996.46875,5228.00732421875
515,5461.525390625,4352.0966796875,4906.81103515625
516,5468.05615234375,4973.81396484375,5220.93505859375
517,5447.7646484375,5009.572265625,5228.66845703125
518,4947.99609375,4422.46923828125,4685.232421875
519,5473.10205078125,4972.544921875,5222.8232421875
520,5499.38037109375,4856.72314453125,5178.0517578125
521,4943.3916015625,4361.68701171875,4652.5390625
522,5466.50634765625,3222.982666015625,4344.74462890625
523,4869.78955078125,4875.42431640625,4872.60693359375
524,5467.01171875,5506.111328125,5486.5615234375
525,4884.18798828125,4971.865234375,4928.0263671875
526,5477.1376953125,4947.32568359375,5212.2314453125
527,4333.0888671875,4990.57275390625,4661.8310546875
528,5465.89111328125,4991.8896484375,5228.890625
529,5458.72216796875,4994.60888671875,5226.66552734375
530,5465.2509765625,4991.79638671875,5228.5234375
531,5454.43603515625,4958.92236328125,5206.67919921875
532,4379.6015625,4335.66796875,4357.634765625
533,4388.25048828125,4394.34619140625,4391.29833984375
534,4891.5205078125,4967.24560546875,4929.3828125
535,4294.8818359375,4424.841796875,4359.86181640625
536,5469.2294921875,4991.86474609375,5230.546875
537,5477.6484375,5000.52685546875,5239.087890625
538,5492.3056640625,4444.0947265625,4968.2001953125
539,4873.4580078125,4214.47119140625,4543.96484375
540,5484.779296875,4976.28271484375,5230.53125
541,4943.00146484375,4972.18896484375,4957.59521484375
542,4948.35498046875,4955.29443359375,4951.82470703125
543,4866.14453125,4272.5869140625,4569.36572265625
544,4938.9873046875,4885.7470703125,4912.3671875
545,5465.583984375,4948.69482421875,5207.1396484375
546,6010.67578125,4950.87841796875,5480.77734375
547,5471.5693359375,5423.9755859375,5447.7724609375
548,5474.19580078125,5509.55078125,5491.873046875
549,5481.53955078125,4376.6923828125,4929.1162109375
550,5391.96728515625,4996.044921875,5194.005859375
551,4378.6494140625,4964.37353515625,4671.51171875
552,4838.54248046875,4997.39453125,4917.96875
553,5469.38134765625,4983.701171875,5226.541015625
554,5999.970703125,5513.21533203125,5756.5927734375
555,5395.24853515625,4980.310546875,5187.779296875
556,5378.896484375,4957.8037109375,5168.35009765625
557,5469.09375,4968.8369140625,5218.96533203125
558,5464.11181640625,4354.3916015625,4909.251953125
559,6000.32080078125,4861.0380859375,5430.6796875
560,3595.525146484375,4980.04150390625,4287.783203125
561,4843.1494140625,3737.715087890625,4290.43212890625
562,4899.7119140625,4340.146484375,4619.92919921875
563,4872.4951171875,4779.2333984375,4825.8642578125
564,4867.93701171875,4434.54248046875,4651.23974609375
565,5419.2607421875,4885.15673828125,5152.208984375
566,5476.5556640625,4434.45849609375,4955.5068359375
567,5394.63916015625,4290.9130859375,4842.7763671875
568,5493.484375,4959.67626953125,5226.580078125
569,6011.63134765625,4348.443359375,5180.037109375
570,5386.60107421875,4283.39306640625,4834.9970703125
571,5372.14453125,4986.82177734375,5179.4833984375
572,5287.07275390625,4814.92041015625,5050.99658203125
573,5492.3056640625,4892.67578125,5192.49072265625
574,5461.23291015625,4973.953125,5217.5927734375
575,5478.7470703125,5508.466796875,5493.60693359375
576,5491.7919921875,4949.578125,5220.68505859375
577,4936.9287109375,4950.5791015625,4943.75390625
578,5500.48828125,4980.89892578125,5240.693359375
579,5464.61669921875,4445.63525390625,4955.1259765625
580,4863.1220703125,4389.33544921875,4626.228515625
581,4777.69873046875,4291.15869140625,4534.4287109375
582,5471.76318359375,4991.5400390625,5231.6513671875
583,3735.56982421875,3700.357666015625,3717.9638671875
584,5493.298828125,4359.6162109375,4926.45751953125
585,4929.4306640625,4442.013671875,4685.72216796875
586,4904.97998046875,4420.43310546875,4662.70654296875
587,5310.33056640625,4876.8837890625,5093.607421875
588,6020.5458984375,4988.3857421875,5504.4658203125
589,5486.0078125,5007.07177734375,5246.5400390625
590,5490.9736328125,5514.80908203125,5502.8916015625
591,6000.74365234375,4974.06982421875,5487.40673828125
592,4920.97314453125,5003.826171875,4962.3994140625
593,5495.615234375,4950.4169921875,5223.01611328125
594,5497.77978515625,4958.42431640625,5228.10205078125
595,5488.734375,5525.30712890625,5507.0205078125
596,5381.50537109375,4353.78076171875,4867.64306640625
597,5376.58349609375,4896.35400390625,5136.46875
598,4870.3837890625,4323.6748046875,4597.029296875
599,4870.2998046875,4954.69677734375,4912.498046875
600,5456.072265625,4440.9404296875,4948.50634765625
601,5462.06591796875,4997.73046875,5229.8984375
602,4843.67236328125,4442.0224609375,4642.84765625
603,5485.375,5503.8720703125,5494.62353515625
604,4895.65380859375,4952.3759765625,4924.0146484375
605,4916.5439453125,4992.6376953125,4954.5908203125
606,5483.98388671875,4945.5224609375,5214.7529296875
607,4375.1201171875,4310.75341796875,4342.9365234375
608,6003.82421875,5525.76806640625,5764.7958984375
609,4828.01708984375,4981.333984375,4904.67578125
610,5472.6337890625,5009.48486328125,5241.0595703125
611,5478.19677734375,5518.0234375,5498.1103515625
612,5292.50732421875,4789.1396484375,5040.8232421875
613,4937.55126953125,4442.17138671875,4689.861328125
614,5489.12060546875,4984.71044921875,5236.91552734375
615,5497.9130859375,3753.7724609375,4625.8427734375
616,5489.45703125,5502.138671875,5495.7978515625
617,5454.22216796875,4999.52978515625,5226.8759765625
618,5453.40283203125,4977.73779296875,5215.5703125
619,4872.69580078125,4979.125,4925.91015625
620,5448.18310546875,4421.24755859375,4934.71533203125
621,5467.3896484375,4992.34814453125,5229.869140625
622,4862.92236328125,4400.26025390625,4631.59130859375
623,6018.560546875,4991.6806640625,5505.12060546875
624,6026.96923828125,5004.51025390625,5515.73974609375
625,5463.8779296875,4913.048828125,5188.46337890625
626,4867.060546875,4961.13525390625,4914.09765625
627,4951.701171875,4975.85791015625,4963.779296875
628,5386.03564453125,4983.6279296875,5184.83203125
629,5282.658203125,4251.42822265625,4767.04296875
630,4935.7841796875,4897.05224609375,4916.41796875
631,6000.21337890625,4986.9931640625,5493.603515625
632,5996.77734375,4888.302734375,5442.5400390625
633,5470.658203125,4990.6416015625,5230.64990234375
634,5473.44677734375,4988.6025390625,5231.0244140625
635,5463.109375,5002.03173828125,5232.5703125
636,5408.97021484375,4983.33642578125,5196.1533203125
637,4937.853515625,4962.67822265625,4950.265625
638,5459.9638671875,5553.572265625,5506.76806640625
639,4895.38134765625,4957.32763671875,4926.3544921875
640,4918.5029296875,4991.45654296875,4954.9794921875
641,5451.3193359375,4442.4091796875,4946.8642578125
642,4925.455078125,4424.17041015625,4674.8125
643,4364.1259765625,5002.32080078125,4683.2236328125
644,3557.193359375,4183.29638671875,3870.244873046875
645,4319.91552734375,4882.24853515625,4601.08203125
646,4854.96337890625,5539.3447265625,5197.154296875
647,3815.640380859375,4968.25,4391.9453125
648,5460.39453125,3862.941162109375,4661.66796875
649,4173.208984375,4788.93359375,4481.0712890625
650,5483.005859375,5502.83740234375,5492.921875
651,3756.692138671875,3855.98876953125,3806.34033203125
652,5495.53076171875,5517.32861328125,5506.4296875
653,4396.060546875,4961.32470703125,4678.6923828125
654,3199.758544921875,4951.736328125,4075.74755859375
655,4939.02880859375,5511.78515625,5225.4072265625
656,5461.5791015625,4952.5625,5207.07080078125
657,5390.3701171875,4976.05712890625,5183.2138671875
658,4916.72705078125,4370.3193359375,4643.5234375
659,5450.24267578125,4405.71533203125,4927.97900390625
660,4944.32373046875,4953.2724609375,4948.7978515625
661,5490.34716796875,4969.88623046875,5230.11669921875
662,5479.802734375,5512.21533203125,5496.0087890625
663,5472.986328125,4998.7265625,5235.8564453125
664,4858.08935546875,4262.125,4560.107421875
665,4843.0791015625,5548.796875,5195.93798828125
666,4920.458984375,4441.837890625,4681.1484375
667,5484.31005859375,4402.244140625,4943.27734375
668,6000.255859375,4974.9775390625,5487.61669921875
669,5497.873046875,5518.37646484375,5508.125
670,5482.77783203125,4873.205078125,5177.9912109375
671,5463.5234375,4363.19482421875,4913.359375
672,4846.56103515625,4441.36865234375,4643.96484375
673,4275.36083984375,5507.0771484375,4891.21875
674,5450.919921875,4954.5751953125,5202.74755859375
675,5490.66015625,3849.0234375,4669.841796875
676,5459.943359375,4345.29345703125,4902.6181640625
677,4387.69921875,4870.14697265625,4628.9228515625
678,5466.79443359375,5004.955078125,5235.875
679,4754.53515625,4243.4814453125,4499.00830078125
680,5459.30322265625,4430.25341796875,4944.7783203125
681,5451.96240234375,2779.126708984375,4115.54443359375
682,5996.4833984375,4962.654296875,5479.56884765625
683,5470.73486328125,4335.53125,4903.1328125
684,4903.07763671875,4432.41357421875,4667.74560546875
685,5458.82470703125,4921.79541015625,5190.31005859375
686,5456.08740234375,3872.411865234375,4664.24951171875
687,5454.7998046875,4436.6552734375,4945.7275390625
688,5492.79345703125,5523.97509765625,5508.38427734375
689,4921.64599609375,-23.41646957397461,2449.11474609375
690,4946.513671875,4320.3095703125,4633.41162109375
691,5386.85498046875,4370.509765625,4878.6826171875
692,5479.64453125,4956.857421875,5218.2509765625
693,5389.04931640625,4985.38623046875,5187.2177734375
694,5497.25537109375,4952.94921875,5225.1025390625
695,5484.40380859375,5007.53369140625,5245.96875
696,5459.5419921875,4986.0791015625,5222.810546875
697,5458.5341796875,4409.57470703125,4934.0546875
698,5470.5546875,4905.09716796875,5187.826171875
699,6000.49072265625,4968.3486328125,5484.419921875
700,5452.107421875,4978.8525390625,5215.47998046875
701,5406.38427734375,5508.1044921875,5457.244140625
702,6020.54150390625,4788.78564453125,5404.66357421875
703,3689.900634765625,4326.45263671875,4008.1767578125
704,4906.0439453125,4978.36181640625,4942.203125
705,4913.169921875,4397.66845703125,4655.4189453125
706,5455.033203125,4436.7314453125,4945.88232421875
707,5455.43701171875,4355.15283203125,4905.294921875
708,5494.57177734375,4995.97607421875,5245.27392578125
709,5471.69287109375,5500.333984375,5486.013671875
710,5481.486328125,4946.251953125,5213.869140625
711,5373.447265625,4907.5,5140.4736328125
712,5295.8173828125,4777.32568359375,5036.5712890625
713,6003.77294921875,4998.36767578125,5501.0703125
714,6008.3251953125,4343.39697265625,5175.861328125
715,6014.568359375,4914.20751953125,5464.3876953125
716,5467.8046875,5001.73486328125,5234.76953125
717,5471.22119140625,5003.9267578125,5237.57421875
718,5496.3828125,5514.634765625,5505.5087890625
719,5391.4248046875,4177.759765625,4784.59228515625
720,6001.97998046875,4975.34326171875,5488.66162109375
721,3965.13720703125,3566.2861328125,3765.711669921875
722,6009.7548828125,5531.5244140625,5770.6396484375
723,6009.48095703125,4987.74169921875,5498.611328125
724,6026.8935546875,4964.72314453125,5495.80859375
725,5467.6337890625,4995.91943359375,5231.7763671875
726,5487.44384765625,5512.75537109375,5500.099609375
727,6001.03125,4964.9931640625,5483.01220703125
728,6033.1279296875,5505.99560546875,5769.5615234375
729,5491.6826171875,5510.6142578125,5501.1484375
730,6026.20947265625,4997.9091796875,5512.0595703125
731,6011.7978515625,4965.6181640625,5488.7080078125
732,5313.71484375,4921.15478515625,5117.4345703125
733,6010.26416015625,4977.47509765625,5493.86962890625
734,6024.3486328125,5547.869140625,5786.10888671875
735,5491.4228515625,4987.6650390625,5239.5439453125
736,6551.82958984375,5510.591796875,6031.2109375
737,5486.2275390625,5509.58544921875,5497.90625
738,5465.29541015625,4915.263671875,5190.279296875
739,5493.03564453125,5504.66796875,5498.8515625
740,5487.59716796875,5513.5546875,5500.576171875
741,4943.9482421875,4976.65966796875,4960.3037109375
742,6020.15625,4958.076171875,5489.1162109375
743,6020.53271484375,4999.5888671875,5510.060546875
744,6026.40576171875,5501.671875,5764.0390625
745,6019.11474609375,5557.17333984375,5788.14404296875
746,5476.39892578125,5003.6611328125,5240.0302734375
747,6004.15478515625,5542.4267578125,5773.291015625
748,6001.09423828125,5520.48291015625,5760.78857421875
749,6015.82666015625,4915.109375,5465.4677734375
750,6047.67724609375,5429.86572265625,5738.771484375
751,5500.958984375,5512.60986328125,5506.7841796875
752,5497.86865234375,5511.00927734375,5504.43896484375
753,6020.39111328125,5531.70654296875,5776.048828125
754,6019.58154296875,5543.0732421875,5781.3271484375
755,6032.7216796875,5510.4287109375,5771.5751953125
756,5301.7197265625,4866.53662109375,5084.1279296875
757,6002.763671875,5516.1875,5759.4755859375
758,6023.49609375,6054.822265625,6039.1591796875
759,6022.705078125,5548.36572265625,5785.53515625
760,6042.8447265625,5513.57373046875,5778.208984375
761,6003.15380859375,4993.41650390625,5498.28515625
762,6012.248046875,5539.76220703125,5776.0048828125
763,6000.87451171875,5543.5048828125,5772.189453125
764,6011.6240234375,4989.8955078125,5500.759765625
765,6026.7509765625,5428.7255859375,5727.73828125
766,6046.224609375,6063.0966796875,6054.66064453125
767,5926.4990234375,4824.50439453125,5375.501953125
768,6030.32666015625,5515.24853515625,5772.78759765625
769,5998.2412109375,5519.85595703125,5759.048828125
770,5490.70751953125,5518.32763671875,5504.517578125
771,6050.76025390625,5516.60400390625,5783.68212890625
772,6031.9833984375,5509.7783203125,5770.880859375
773,5402.7470703125,4927.61962890625,5165.18359375
774,6011.79736328125,5543.71875,5777.7578125
775,5410.9384765625,4878.12353515625,5144.53125
776,5499.19482421875,5005.7978515625,5252.49609375
777,5489.68505859375,5511.28466796875,5500.48486328125
778,5996.93798828125,5515.80126953125,5756.36962890625
779,6007.6005859375,5543.41845703125,5775.509765625
780,5471.181640625,5505.57373046875,5488.3779296875
781,6011.27490234375,5546.59326171875,5778.93408203125
782,6006.2255859375,4980.23974609375,5493.232421875
783,6013.90185546875,5531.66259765625,5772.7822265625
784,5489.5390625,5003.31494140625,5246.4267578125
785,6019.0634765625,4986.68115234375,5502.8720703125
786,5478.5009765625,5517.88818359375,5498.1943359375
787,6035.95458984375,5517.69091796875,5776.82275390625
788,5488.3203125,5506.17529296875,5497.248046875
789,6044.48486328125,5516.046875,5780.265625
790,6028.13134765625,5506.2236328125,5767.177734375
791,6010.18408203125,5546.46337890625,5778.32373046875
792,6029.50341796875,5505.15087890625,5767.3271484375
793,5406.54052734375,4993.9365234375,5200.23828125
794,6013.4638671875,5544.45654296875,5778.9599609375
795,5460.38427734375,4986.00244140625,5223.193359375
796,6025.98681640625,5543.3828125,5784.6845703125
797,6013.84423828125,5534.77490234375,5774.3095703125
798,5299.38916015625,4777.552734375,5038.470703125
799,6003.22509765625,5532.8232421875,5768.0244140625
800,5283.73876953125,4887.64794921875,5085.693359375